date,Account,net_pnl,pnl_std,max_adverse_excursion,total_gross_win,total_gross_loss,total_volume,trade_frequency,win_rate,avg_leverage,aggression_score,is_long_sum,is_short_sum,margin_used_sum,sentiment_score,sentiment_class,profit_factor,roe,risk_adjusted_return,avg_trade_size,pnl_efficiency,avg_loss_severity,long_short_ratio,panic_score,risk_sentiment_interaction,prev_net_pnl,prev_total_volume,prev_sentiment_score,prev_win_rate,prev_avg_leverage,target_profitable_next_day
2024-10-27 00:00:00+00:00,0x083384f897ee0f19899168e3b1bec365f52a9012,-327505.900056,5734.473080086226,-117990.1041,1603.1,329109.000056,6842632.02,462,0.025974025974025976,-91.0621743621642,0.11904761904761904,139,323,-164584.7014,74.0,Greed,0.004871030569590082,1.9898927255701786,-57.11176868077223,14810.891818181817,-0.0478625621104202,731.3533334577778,0.43034055727554177,-29969381.14725698,-6738.600902800151,,,,,,1.0
2025-02-19 00:00:00+00:00,0x083384f897ee0f19899168e3b1bec365f52a9012,1927735.720035,4509.25681820803,-19841.24014,2030102.166092,102366.446057,54854631.95,3356,0.40554231227651966,-10.49586385457168,0.11114421930870083,1572,1784,-4597739.1235,44.0,Fear,19.83171482735263,-0.4192790561304234,427.50630486401934,16345.241939809297,0.035142624269034035,51.311501782957386,0.8811659192825112,-1074424.281090628,-461.8180096011539,-327505.900056,6842632.02,74.0,0.025974025974025976,-91.0621743621642,0.0
2024-10-27 00:00:00+00:00,0x23e7a7f8d14b550961925fbfdaa92f5d195ba5bd,20607.446093000002,214.00588685637516,0.0,20607.446093000002,0.0,797679.97,320,0.53125,64.34214855382565,0.921875,145,175,604474.36703572,74.0,Greed,100.0,0.03409151358072766,96.29382815450394,2492.74990625,0.025834227845786328,0.0,0.8285714285714286,0.0,4761.318992983098,,,,,,1.0
2025-02-19 00:00:00+00:00,0x23e7a7f8d14b550961925fbfdaa92f5d195ba5bd,17098.727055,176.8546695708923,-6820.76955,50463.991013,33365.263958,5982611.5,3533,0.43504104160769885,366.1207594798879,0.9714123973959807,1528,2005,76100560.90497829,44.0,Fear,1.5124709061652792,0.00022468595305558974,96.68236126581868,1693.3516841211435,0.002858070769763338,16.71606410721443,0.7620947630922693,12215715.780549891,16109.313417115069,20607.446093000002,797679.97,74.0,0.53125,64.34214855382565,1.0
2025-06-15 00:00:00+00:00,0x23e7a7f8d14b550961925fbfdaa92f5d195ba5bd,10179.147366,36.79304843139863,-1162.026288,19927.373489,9748.226123,5255196.19,3427,0.44236941931718704,81.40561927771226,0.5599649839509775,1382,2045,4698531.7373775,50.0,Neutral,2.0442050930664486,0.0021664528271722436,276.65952673041545,1533.4683950977533,0.001936968097474587,5.1011125709052845,0.6757946210268949,793560.3844019871,4070.280963885613,17098.727055,5982611.5,44.0,0.43504104160769885,366.1207594798879,0.0
2024-07-03 00:00:00+00:00,0x271b280974205ca63b716753467d5a371de622ab,-1.0,0.28678926060785465,-0.6204,0.0,1.0,30351.0,5,0.0,-401.40289966222326,1.0,2,3,-159.43,50.0,Neutral,0.0,0.006272345229881453,-3.486880916950946,6070.2,-3.2947843563638756e-05,0.2,0.6666666666666666,-401.40289966222326,-20070.144983111164,,,,,,1.0
2024-10-27 00:00:00+00:00,0x271b280974205ca63b716753467d5a371de622ab,1793.1602149999999,687.2601274797265,0.0,1793.1602149999999,0.0,159708.30000000002,5,0.8,-2448.4938007666615,0.8,3,2,345.7797,74.0,Greed,100.0,5.185845829006156,2.609143384435461,31941.660000000003,0.011227720882383694,0.0,1.5,-0.0,-181188.54125673295,-1.0,30351.0,50.0,0.0,-401.40289966222326,1.0
2025-02-19 00:00:00+00:00,0x271b280974205ca63b716753467d5a371de622ab,29970.928216,110.84882980936581,-122.02974,30228.544604,257.61638800000003,12310719.5,1136,0.43045774647887325,-534.1808730663794,0.5035211267605634,506,630,3612.1562499999995,44.0,Fear,117.33936974537504,8.297240247013125,270.37658645150356,10836.90096830986,0.002434539119829674,0.39817061514683155,0.8031746031746032,-137613.74705804716,-23503.958414920693,1793.1602149999999,159708.30000000002,74.0,0.8,-2448.4938007666615,0.0
2025-06-15 00:00:00+00:00,0x271b280974205ca63b716753467d5a371de622ab,-102199.279749,642.6836136687241,-25818.75012,30919.12709,133118.406839,21372661.62,2663,0.246714232069095,-241.3998069585545,0.718362748779572,1055,1608,-39039173.913754754,50.0,Neutral,0.23226785704696065,0.002617864813809288,-159.01958222584986,8025.783559894856,-0.004781775969978605,66.36012305034896,0.6560945273631841,-32134757.71356492,-12069.990347927725,29970.928216,12310719.5,44.0,0.43045774647887325,-534.1808730663794,0.0
2024-10-27 00:00:00+00:00,0x28736f43f1e871e6aa8b1148d38d4994275d72c4,121880.386016,105.02535169179028,-240.452221,126299.798148,4419.412132,3129795.22,6472,0.4437577255871446,426.56663813249406,0.9568912237330037,3086,3386,107926588.18532003,74.0,Greed,28.5784159466574,0.0011292897150303686,1160.4853880772796,483.5901143386898,0.03894196822755707,1.2276144811111112,0.9113998818665091,1885173.7756691983,31565.93122180456,,,,,,1.0
2025-02-19 00:00:00+00:00,0x28736f43f1e871e6aa8b1148d38d4994275d72c4,10435.095669,120.35238337829021,-7784.162915,44857.849744,34422.754075,3622817.7,6794,0.4327347659699735,981.4877013704483,0.934206652929055,3606,3188,129201444.69330953,44.0,Fear,1.3031452871627909,8.076609122885732e-05,86.70452031016725,533.2378127759788,0.0028803811102612203,8.9316954008822,1.131116687578419,33785509.77191198,43185.458860299725,121880.386016,3129795.22,74.0,0.4437577255871446,426.56663813249406,1.0
2025-06-15 00:00:00+00:00,0x28736f43f1e871e6aa8b1148d38d4994275d72c4,149.33286900000002,5.377910904287644,-1.117439,151.090011,1.757142,4409.18,45,0.5777777777777777,978.734398723056,1.0,7,38,47126.914180390006,50.0,Neutral,85.98622706645223,0.003168738535020376,27.767821307887694,97.98177777777778,0.033868626139100695,0.09248115789473682,0.18421052631578946,1719.775318841028,48936.7199361528,10435.095669,3622817.7,44.0,0.4327347659699735,981.4877013704483,0.0
2024-10-27 00:00:00+00:00,0x2c229d22b100a7beb69122eed721cee9b24011dd,52215.729448,369.8834239705992,-195.741504,53616.325834,1400.596386,2244613.0,763,0.4744429882044561,16.919153635031183,0.9056356487549148,305,458,174862979.126,74.0,Greed,38.28106824345326,0.00029860940096631443,141.16807097619613,2941.8256880733943,0.02326268690772084,3.492759067331671,0.665938864628821,23696.905435403438,1252.0173689923076,,,,,,1.0
2025-02-19 00:00:00+00:00,0x2c229d22b100a7beb69122eed721cee9b24011dd,116412.254606,208.51686847595994,-996.7456,127093.879665,10681.625059,7919556.5600000005,2471,0.5337919870497774,23.23163309929127,0.7110481586402266,872,1599,1355272731.694,44.0,Fear,11.898365554210752,8.589581409233586e-05,558.2869887546832,3205.000631323351,0.014699340010269462,9.272243974826388,0.5453408380237649,248151.59427488345,1022.1918563688158,52215.729448,2244613.0,74.0,0.4744429882044561,16.919153635031183,1.0
2025-06-15 00:00:00+00:00,0x2c229d22b100a7beb69122eed721cee9b24011dd,30.02094,13.322954661512588,0.0,30.02094,0.0,2710.64,5,0.6,1.1313151723151722,1.0,2,3,5228.6,50.0,Neutral,100.0,0.005741678460773438,2.2533244886530035,542.1279999999999,0.01107522208777263,0.0,0.6666666666666666,0.0,56.56575861575861,116412.254606,7919556.5600000005,44.0,0.5337919870497774,23.23163309929127,0.0
2023-03-28 00:00:00+00:00,0x3998f134d6aaa2b6a5f723806d00fd2bbbbce891,0.0,0.0,0.0,0.0,0.0,477.0,3,0.0,1191.326187411838,1.0,3,0,0.2758,59.0,Greed,0.0,0.0,,159.0,0.0,0.0,3.0,0.0,70288.24505729844,,,,,,0.0
2023-11-14 00:00:00+00:00,0x3998f134d6aaa2b6a5f723806d00fd2bbbbce891,0.0,0.0,0.0,0.0,0.0,46133.87,2,0.0,42923.87131924591,1.0,2,0,0.03375,69.0,Greed,0.0,0.0,,23066.935,0.0,0.0,2.0,0.0,2961747.121027968,0.0,477.0,59.0,0.0,1191.326187411838,0.0
2024-03-09 00:00:00+00:00,0x3998f134d6aaa2b6a5f723806d00fd2bbbbce891,-5564.01614,491.8133748161977,-2299.807104,152.85358,5716.86972,82312.05,27,0.3333333333333333,2940.084462164254,0.5185185185185185,4,23,10389.37272,84.0,Extreme Greed,0.026737285872591127,-0.5355488045287877,-11.313267236946137,3048.5944444444444,-0.06759661726320751,317.60387333333324,0.17391304347826086,16808079.835989308,246967.09482179733,0.0,46133.87,69.0,0.0,42923.87131924591,1.0
2024-07-03 00:00:00+00:00,0x3998f134d6aaa2b6a5f723806d00fd2bbbbce891,215.754798,9.080898650115833,-0.12379,216.33889299999998,0.584095,61379.82,80,0.1,0.8618095591488537,0.5625,35,45,10299412.10053912,50.0,Neutral,370.3830592626199,2.0948263443959715e-05,23.75919017632114,767.24775,0.003515077072562285,0.008112430555555557,0.7777777777777778,0.5033786544510498,43.09047795744269,-5564.01614,82312.05,84.0,0.3333333333333333,2940.084462164254,1.0
2024-10-27 00:00:00+00:00,0x3998f134d6aaa2b6a5f723806d00fd2bbbbce891,36993.371011,711.3520498896353,-0.298703,36993.961497000004,0.5904860000000001,402974.52999999997,156,0.46794871794871795,0.09037246706145659,0.2564102564102564,64,92,17548457.84477875,74.0,Greed,62650.02302679488,0.002108069628580312,52.0043078764438,2583.170064102564,0.09180076718744484,0.007114289156626507,0.6956521739130435,0.05336367658525126,6.687562562547788,215.754798,61379.82,50.0,0.1,0.8618095591488537,0.0
2025-02-19 00:00:00+00:00,0x3998f134d6aaa2b6a5f723806d00fd2bbbbce891,-59349.677108,648.4478606165143,-5981.36399,13676.758657999999,73026.435766,575346.58,349,0.2636103151862464,123.24553703950662,0.054441260744985676,66,283,2102289.3737973203,44.0,Fear,0.18728503609055627,-0.028230974216835788,-91.52575050764,1648.5575358166188,-0.10315465350988966,284.1495555097275,0.2332155477031802,9000182.294061704,5422.803629738291,36993.371011,402974.52999999997,74.0,0.46794871794871795,0.09037246706145659,0.0
2025-06-15 00:00:00+00:00,0x3998f134d6aaa2b6a5f723806d00fd2bbbbce891,-3499.0325470000002,146.3806250008592,-1472.561286,35.817065,3534.849612,241278.15,198,0.9545454545454546,0.0034679147651988933,0.015151515151515152,8,190,5622570.3802897,50.0,Neutral,0.010132556949073397,-0.0006223190303257199,-23.903659018940946,1218.5765151515152,-0.014502069694251222,392.7610680000003,0.042105263157894736,12.258557162212378,0.17339573825994467,-59349.677108,575346.58,44.0,0.2636103151862464,123.24553703950662,0.0
2024-10-27 00:00:00+00:00,0x39cef799f8b69da1995852eea189df24eb5cae3c,34983.381862,598.5995188247273,-808.158708,35791.54057,808.158708,655891.22,144,0.5277777777777778,2591.093105836689,0.1736111111111111,59,85,29482.005729170003,74.0,Greed,44.28776206418108,1.1866011486249337,58.44204808364255,4554.800138888889,0.053337170547884456,11.884686882352941,0.6941176470588235,2094014.456720686,191740.889831915,,,,,,0.0
2025-02-19 00:00:00+00:00,0x39cef799f8b69da1995852eea189df24eb5cae3c,-20526.462526,733.87401539148,-31036.69194,200859.052525,221385.515051,16537484.2,3445,0.3193033381712627,455.5545485789649,0.07111756168359942,1589,1856,-549300118.3723521,44.0,Fear,0.9072818177771416,3.73683926863562e-05,-27.970008605700936,4800.430827285922,-0.0012412082924922764,94.40746910490405,0.8561422413793104,100853178.37097993,20044.400137474455,34983.381862,655891.22,74.0,0.5277777777777778,2591.093105836689,0.0
2024-10-27 00:00:00+00:00,0x3f9a0aadc7f04a7c9d75dc1b5a6ddd6e36486cf6,7612.618288,103.80150980202319,0.0,7612.618288,0.0,532207.47,191,0.41361256544502617,19.188618694112115,0.35602094240837695,112,79,1486788.220427,74.0,Greed,100.0,0.005120176621935897,73.33822313875075,2786.4265445026176,0.01430385463774118,0.0,1.4177215189873418,0.0,1419.9577833642966,,,,,,1.0
2025-02-19 00:00:00+00:00,0x3f9a0aadc7f04a7c9d75dc1b5a6ddd6e36486cf6,45883.628955,1952.1533134444394,0.0,45883.628955,0.0,611688.99,141,0.5602836879432624,9051.806880767375,0.3333333333333333,58,83,1865458.772646637,44.0,Fear,100.0,0.024596431520114582,23.50411140303397,4338.219787234042,0.07501136967497159,0.0,0.6987951807228916,0.0,398279.5027537645,7612.618288,532207.47,74.0,0.41361256544502617,19.188618694112115,0.0
2024-10-27 00:00:00+00:00,0x420ab45e0bd8863569a5efbb9c05d91f40624641,16102.56859,835.4096458786188,0.0,16102.56859,0.0,810078.52,125,0.216,-103.67303479227681,0.352,18,107,-299002.9524,74.0,Greed,100.0,-0.05385421267833608,19.275057056666583,6480.62816,0.01987778739028903,0.0,0.16822429906542055,-0.0,-7671.804574628484,,,,,,1.0
2025-02-19 00:00:00+00:00,0x420ab45e0bd8863569a5efbb9c05d91f40624641,183403.024142,2633.034124183702,0.0,183403.024142,0.0,1177449.09,258,0.2441860465116279,288.8283551737619,0.13565891472868216,83,175,-801401.959450317,44.0,Fear,100.0,-0.22885272737266138,69.65463244759843,4563.756162790698,0.15576301829066766,0.0,0.4742857142857143,0.0,12708.447627645524,16102.56859,810078.52,74.0,0.216,-103.67303479227681,0.0
2024-03-09 00:00:00+00:00,0x430f09841d65beb3f27765503d0f850b8bce7713,0.0,0.0,0.0,0.0,0.0,99995.52,88,0.0,0.00710149853337001,0.9431818181818182,88,0,34844574.0,84.0,Extreme Greed,0.0,0.0,,1136.3127272727272,0.0,0.0,88.0,0.0,0.5965258768030809,,,,,,1.0
2024-07-03 00:00:00+00:00,0x430f09841d65beb3f27765503d0f850b8bce7713,145563.448374,1784.4226541201936,0.0,145563.448374,0.0,438228.42,249,0.9518072289156626,0.047677144550686376,0.07228915662650602,3,246,13882324.4131054,50.0,Neutral,100.0,0.010485524184738328,81.57453506762937,1759.9534939759035,0.33216341462746757,0.0,0.012195121951219513,0.0,2.383857227534319,0.0,99995.52,84.0,0.0,0.00710149853337001,1.0
2024-10-27 00:00:00+00:00,0x430f09841d65beb3f27765503d0f850b8bce7713,160450.518105,6536.363386025565,0.0,160450.518105,0.0,289936.95,43,0.8837209302325582,0.5684584221640915,1.0,0,43,801710.435726,74.0,Greed,100.0,0.2001352495302145,24.547368105028493,6742.71976744186,0.553397964988595,0.0,0.0,0.0,42.06592324014277,145563.448374,438228.42,50.0,0.9518072289156626,0.047677144550686376,1.0
2025-02-19 00:00:00+00:00,0x430f09841d65beb3f27765503d0f850b8bce7713,110527.905862,569.2821375310906,0.0,110527.905862,0.0,1883941.47,671,0.4828614008941878,0.2366801276352878,0.15350223546944858,211,460,15129321.38,44.0,Fear,100.0,0.0073055428651354355,194.15312474293762,2807.6623994038746,0.058668439344880495,0.0,0.45869565217391306,0.0,10.413925615952664,160450.518105,289936.95,74.0,0.8837209302325582,0.5684584221640915,0.0
2025-06-15 00:00:00+00:00,0x430f09841d65beb3f27765503d0f850b8bce7713,0.0,0.0,0.0,0.0,0.0,254006.86,186,0.0,-0.01035215968599005,0.1881720430107527,0,186,-23696739.0,50.0,Neutral,0.0,-0.0,,1365.6282795698924,0.0,0.0,0.0,-0.0,-0.5176079842995025,110527.905862,1883941.47,44.0,0.4828614008941878,0.2366801276352878,0.0
2024-10-27 00:00:00+00:00,0x47add9a56df66b524d5e2c1993a43cde53b6ed85,69282.42904,87.43456873200968,-241.007336,72748.088759,3465.659719,1834112.91,3711,0.3381837779574239,16.265647758681837,0.7407706817569388,1738,1973,-20079278.48668323,74.0,Greed,20.991122804171646,-0.003450444152460397,792.3917284061104,494.23683912691996,0.037774353292131836,1.4110992341205215,0.8808920425747593,56371.200240706276,1203.6579341424558,,,,,,1.0
2025-02-19 00:00:00+00:00,0x47add9a56df66b524d5e2c1993a43cde53b6ed85,32683.214094,90.12345028055714,-1388.851115,69936.927921,37253.713827,2508697.11,4629,0.36552171095268954,108.22863043197873,0.6785482825664291,2270,2359,-9819929.567333806,44.0,Fear,1.87731425236623,-0.003328253412603016,362.6493880588917,541.9522812702527,0.013027963385344675,12.684274370786516,0.9622721492157694,4031918.426001079,4762.059739007064,69282.42904,1834112.91,74.0,0.3381837779574239,16.265647758681837,1.0
2025-06-15 00:00:00+00:00,0x47add9a56df66b524d5e2c1993a43cde53b6ed85,1378.073027,30.906857194429925,-147.087963,1826.511444,448.438417,66018.88,179,0.3575418994413408,-23.50479412367102,0.6815642458100558,68,111,-786192.448084821,50.0,Neutral,4.073048549718701,-0.0017528443962505755,44.58793782657261,368.8205586592179,0.02087392314138016,3.8994644956521745,0.6126126126126126,-10540.452668729935,-1175.2397061835509,32683.214094,2508697.11,44.0,0.36552171095268954,108.22863043197873,0.0
2024-10-27 00:00:00+00:00,0x4acb90e786d897ecffb614dc822eb231b4ffb9f4,61076.167808,690.833682965998,-6169.375076,68653.437808,7577.27,2769684.87,328,0.4115853658536585,0.35764576125170106,0.6097560975609756,183,145,32106392.02,74.0,Greed,9.060444963423501,0.001902305552425632,88.40936583430326,8444.161189024391,0.022051666768862405,39.26046632124353,1.2620689655172415,2709.978497359677,26.46578633262588,,,,,,1.0
2025-02-19 00:00:00+00:00,0x4acb90e786d897ecffb614dc822eb231b4ffb9f4,613327.827224,890.8516709013186,-1053.254763,616273.812613,2945.985389,34247716.57,3806,0.4952706253284288,413.8771036181284,0.5522858644245927,1797,2009,174797839.47481918,44.0,Fear,209.19106215329572,0.0035087837988544133,688.4735666527582,8998.349072517078,0.0179085757723555,1.5335686564289432,0.8944748631159781,1219275.9001006451,18210.59255919765,61076.167808,2769684.87,74.0,0.4115853658536585,0.35764576125170106,1.0
2025-06-15 00:00:00+00:00,0x4acb90e786d897ecffb614dc822eb231b4ffb9f4,3343.0556109999998,160.1568514075479,-284.37315,5902.55599,2559.500379,2555547.81,222,0.44144144144144143,-430.31350693692593,0.581081081081081,135,87,-65569191.54591,50.0,Neutral,2.30613600936685,-5.0985158306538994e-05,20.87363470010405,11511.476621621621,0.0013081561604593888,20.641132088709675,1.5517241379310345,-1101387.584093881,-21515.675346846296,613327.827224,34247716.57,44.0,0.4952706253284288,413.8771036181284,0.0
2024-03-09 00:00:00+00:00,0x4f93fead39b70a1824f981a54d4e55b278e9f760,-7919.471032000002,840.4448567931676,-21524.4,29428.601867,37348.072899,4540452.9,730,0.30684931506849317,484.9695204611491,1.0,357,373,2854.045,84.0,Extreme Greed,0.7879550290742834,-2.7748234635403444,-9.422951390550272,6219.798493150685,-0.001744202881611216,73.81042074901187,0.9571045576407506,18112677.00397607,40737.439718736525,,,,,,0.0
2024-07-03 00:00:00+00:00,0x4f93fead39b70a1824f981a54d4e55b278e9f760,-25991.506339,1155.064572916286,-18360.67007,87499.394601,113490.90094,13339126.17,1309,0.3315508021390374,469.7411814065867,1.0,706,603,41945.32368257,50.0,Neutral,0.7709815842175656,-0.619652062663675,-22.50221065422959,10190.317929717341,-0.001948516417623779,129.70388678857142,1.1708126036484245,53311349.8864535,23487.059070329335,-7919.471032000002,4540452.9,84.0,0.30684931506849317,484.9695204611491,1.0
2024-10-27 00:00:00+00:00,0x4f93fead39b70a1824f981a54d4e55b278e9f760,111230.498007,280.50640161646953,-919.50252,119789.615408,8559.117401,33455719.11,1703,0.3282442748091603,11237.499330742643,1.0,960,743,2127.410119,74.0,Greed,13.995556994463524,52.284464106659634,396.53461513182543,19645.16682912507,0.0033247080309731832,7.481745979895105,1.2920592193808882,96183076.06548521,831574.9504749556,-25991.506339,13339126.17,50.0,0.3315508021390374,469.7411814065867,1.0
2025-02-19 00:00:00+00:00,0x4f93fead39b70a1824f981a54d4e55b278e9f760,223968.37089299998,480.8630643750043,-18993.46842,280320.433117,56352.062224,76490050.69,3737,0.39175809472839174,10752.882414806525,1.0,2107,1630,6064.86799,44.0,Fear,4.974448530432187,36.92881217897704,465.7633066164066,20468.303636606903,0.002928071937103327,24.7919323466784,1.292638036809816,605947098.9265327,473126.82625148713,111230.498007,33455719.11,74.0,0.3282442748091603,11237.499330742643,1.0
2025-06-15 00:00:00+00:00,0x4f93fead39b70a1824f981a54d4e55b278e9f760,7687.978187,171.46481375754541,-0.24338,7688.241077,0.26289,1847180.41,105,0.49523809523809526,6361.99350772842,1.0,42,63,-88.27041,50.0,Neutral,29245.087591768417,-87.09575708326267,44.83706026048557,17592.19438095238,0.004162007211304282,0.004960188679245283,0.6666666666666666,1672.5044732467243,318099.675386421,223968.37089299998,76490050.69,44.0,0.39175809472839174,10752.882414806525,0.0
2024-10-27 00:00:00+00:00,0x513b8629fe877bb581bf244e326a047b249c4ff1,0.0,0.0,0.0,0.0,0.0,727332.09,223,0.0,1.2151226222363678,1.0,223,0,3998116.42271475,74.0,Greed,0.0,0.0,,3261.5788789237668,0.0,0.0,223.0,0.0,89.91907404549121,,,,,,1.0
2025-02-19 00:00:00+00:00,0x513b8629fe877bb581bf244e326a047b249c4ff1,403501.648209,738.7965526048855,-29370.1198,513228.233024,109726.584815,163514779.13,5777,0.4156136402977324,1125.4426814674239,0.6868616929202008,2646,3131,19789387.09562017,44.0,Fear,4.677337163908887,0.020389800162042605,546.1607079598759,28304.44506318158,0.0024676769302192677,32.50195047837678,0.8450974129671032,123490981.84245631,49519.47798456665,0.0,727332.09,74.0,0.0,1.2151226222363678,1.0
2025-06-15 00:00:00+00:00,0x513b8629fe877bb581bf244e326a047b249c4ff1,436920.907007,544.4731648342776,-6123.212194,498637.56582899997,61716.658822,256634445.14,6236,0.4021808851828095,1543.35769709738,0.8484605516356639,3499,2737,24314701.97617,50.0,Neutral,8.079464691488642,0.01796941239235468,802.4654569339272,41153.69550032072,0.0017025029776055573,16.554897752682404,1.278407014979905,95250880.43206662,77167.884854869,403501.648209,163514779.13,44.0,0.4156136402977324,1125.4426814674239,0.0
2024-10-27 00:00:00+00:00,0x6d6a4b953f202f8df5bed40692e7fd865318264a,101539.274031,859.6929228916874,1.390236,101539.274031,0.0,131367.84,250,1.0,0.06611597861477994,0.936,0,250,2007365.35,74.0,Greed,100.0,0.05058335495877718,118.11109679658595,525.47136,0.7729385976887494,0.0,0.0,0.0,4.892582417493716,,,,,,1.0
2025-02-19 00:00:00+00:00,0x6d6a4b953f202f8df5bed40692e7fd865318264a,6979.340871,41.94293156824354,-60.5786,7072.943461,93.60258999999999,509692.65,572,0.2692307692307692,3059.8420242288025,0.9615384615384616,346,226,-970649.44160416,44.0,Fear,75.56354435277913,-0.007190382615855088,166.40088353491018,891.0710664335664,0.013693234287369065,0.2239296411483253,1.5309734513274336,286409.13845865865,134633.04906606732,101539.274031,131367.84,74.0,1.0,0.06611597861477994,1.0
2025-06-15 00:00:00+00:00,0x6d6a4b953f202f8df5bed40692e7fd865318264a,212.60187,5.251694344868365,0.0,212.60187,0.0,86997.02,153,0.1111111111111111,-520.8860610593554,1.0,17,136,-153906.76643,50.0,Neutral,100.0,-0.0013813679211868554,40.48252926367308,568.6079738562091,0.0024437833617749205,0.0,0.125,-0.0,-26044.303052967767,6979.340871,509692.65,44.0,0.2692307692307692,3059.8420242288025,0.0
2024-10-27 00:00:00+00:00,0x72743ae2822edd658c0c50608fd7c5c501b2afbd,327545.999992,3372.2073376209764,0.0,327545.999992,0.0,3294849.97,202,0.5148514851485149,-179.50251868922984,0.0,104,98,-45950.1104,74.0,Greed,100.0,-7.128296257412257,97.1310382780547,16311.138465346536,0.09941150673758901,0.0,1.0612244897959184,-0.0,-13283.186383003009,,,,,,1.0
2025-02-19 00:00:00+00:00,0x72743ae2822edd658c0c50608fd7c5c501b2afbd,98269.195073,2821.637291156752,-35681.74723,158262.170077,59992.975004,7547409.37,932,0.43991416309012876,4.354072185187449,0.09120171673819742,299,633,240714.55277926,44.0,Fear,2.6380117016441997,0.4082395266027592,34.827011742786325,8098.078723175966,0.013020255064420866,114.92907088888889,0.47235387045813587,261213.74377156227,191.57917614824774,327545.999992,3294849.97,74.0,0.5148514851485149,-179.50251868922984,1.0
2025-06-15 00:00:00+00:00,0x72743ae2822edd658c0c50608fd7c5c501b2afbd,3540.3708500000002,142.32528852464628,-508.571,10148.4512,6608.08035,632241.58,456,0.07894736842105263,-0.09120279255912911,0.08333333333333333,195,261,5729025.0,50.0,Neutral,1.5357638924593282,0.0006179709200082039,24.875205852029023,1386.494692982456,0.005599712138515155,15.733524642857143,0.7471264367816092,-602.6753813751073,-4.560139627956455,98269.195073,7547409.37,44.0,0.43991416309012876,4.354072185187449,0.0
2024-10-27 00:00:00+00:00,0x72c6a4624e1dffa724e6d00d64ceae698af892a0,51737.579418,1111.5930672864029,0.0,51737.579418,0.0,965878.98,419,0.028639618138424822,-0.3459529046476851,0.0,11,408,-8321839.97,74.0,Greed,100.0,-0.00621708415500809,46.543632684126635,2305.200429594272,0.05356528145793172,0.0,0.02696078431372549,-0.0,-25.600514943928697,,,,,,1.0
2025-02-19 00:00:00+00:00,0x72c6a4624e1dffa724e6d00d64ceae698af892a0,341945.434741,1750.8273737464422,-3852.37259,364173.75321,22228.318469,1993872.85,939,0.3961661341853035,-35.88222691444966,0.004259850905218318,574,365,-20697415.33831511,44.0,Fear,16.383324438953085,-0.01652116600800824,195.30505398102207,2123.4002662406815,0.1714981147072643,39.20338354320988,1.5726027397260274,-797601.5672313103,-1578.817984235785,51737.579418,965878.98,74.0,0.028639618138424822,-0.3459529046476851,1.0
2025-06-15 00:00:00+00:00,0x72c6a4624e1dffa724e6d00d64ceae698af892a0,9328.49,1716.5470108486247,-3968.95225,30553.88,21225.39,91392.5,72,0.75,-59.34915978954891,0.0,54,18,-2937449.8137,50.0,Neutral,1.439496753652112,-0.003175710426265929,5.4344506390117395,1269.3402777777778,0.10207062942801652,1179.1883333333333,3.0,-1259709.0627054935,-2967.457989477445,341945.434741,1993872.85,44.0,0.3961661341853035,-35.88222691444966,0.0
2024-03-09 00:00:00+00:00,0x75f7eeb85dc639d5e99c78f95393aa9a5f1170d4,187842.08419,149.94120336030178,-700.629094,194278.683022,6436.598832000001,11184217.49,3041,0.8240710292666886,149.46326804875233,0.1992765537652088,1409,1632,364601145.04136,84.0,Extreme Greed,30.183438193495913,0.0005151988323259143,1252.7716196769752,3677.8091055573827,0.016795281776123615,12.03102585420561,0.8633578431372549,962035.0965495022,12554.914516095196,,,,,,1.0
2024-07-03 00:00:00+00:00,0x75f7eeb85dc639d5e99c78f95393aa9a5f1170d4,0.16271999999999998,2.6267094047419866,-3.17364,4.7394,4.57668,209.5,6,0.16666666666666666,-4.727513102725367,0.6666666666666666,3,3,98.4,50.0,Neutral,1.0355541571619602,0.0016536585365853655,0.061948230628878206,34.916666666666664,0.000776706443914081,0.9153359999999999,1.0,-21.636314666981132,-236.37565513626834,187842.08419,11184217.49,84.0,0.8240710292666886,149.46326804875233,1.0
2024-10-27 00:00:00+00:00,0x75f7eeb85dc639d5e99c78f95393aa9a5f1170d4,37526.331877,226.55176950119633,-1149.124536,40027.104073,2500.772196,2089293.61,1016,0.8208661417322834,-16.597336403028926,0.23031496062992127,545,471,46158353.4879046,74.0,Greed,16.00589775311146,0.0008129911281786395,165.6413099735327,2056.391348425197,0.01796125336208729,13.740506571428568,1.157112526539278,-41506.157404353384,-1228.2028938241406,0.16271999999999998,209.5,50.0,0.16666666666666666,-4.727513102725367,1.0
2025-02-19 00:00:00+00:00,0x75f7eeb85dc639d5e99c78f95393aa9a5f1170d4,136208.043913,185.74069016231357,-5843.04,176497.065716,40289.021803,11383531.66,4885,0.7985670419651996,0.11068688319910902,0.368474923234391,2321,2564,-456278584.4442607,44.0,Fear,4.380773168904728,-0.0002985194759445022,733.3236664188747,2330.3033080859777,0.011965359080224142,40.94412784857723,0.9052262090483619,4459.466250515018,4.870222860760797,37526.331877,2089293.61,74.0,0.8208661417322834,-16.597336403028926,1.0
2025-06-15 00:00:00+00:00,0x75f7eeb85dc639d5e99c78f95393aa9a5f1170d4,17518.784011,55.39479498128465,-68.089706,18139.620153,620.836142,1072244.98,945,0.8253968253968254,-0.2199675907537951,0.5259259259259259,651,294,-124881186.3,50.0,Neutral,29.21804792898156,-0.00014028361300888763,316.2532511749306,1134.6507724867724,0.016338415509299004,3.7626432848484836,2.2142857142857144,-136.56383040862102,-10.998379537689756,136208.043913,11383531.66,44.0,0.7985670419651996,0.11068688319910902,0.0
2025-02-19 00:00:00+00:00,0x7f4f299f74eec87806a830e3caa9afa5f2b9db8f,14781.443047,72.66229924620731,-776.860259,17095.131965,2313.6889180000003,5661783.44,1554,0.4510939510939511,545.9215264412495,0.09588159588159588,687,867,-709804.97093462,44.0,Fear,7.388690775152859,-0.020824654168787888,203.42658022580443,3643.361287001287,0.0026107397436946123,2.712413737397421,0.7923875432525952,1263092.5858247632,24020.54716341498,,,,,,1.0
2025-06-15 00:00:00+00:00,0x7f4f299f74eec87806a830e3caa9afa5f2b9db8f,119.0,25.02976877040717,0.0,119.0,0.0,182701.01,5,0.8,-5975.372978099493,0.0,4,1,-2.77421,50.0,Neutral,100.0,-42.89509445932355,4.7543387672320145,36540.202000000005,0.0006513373954528221,0.0,4.0,-0.0,-298768.64890497463,14781.443047,5661783.44,44.0,0.4510939510939511,545.9215264412495,0.0
2024-10-27 00:00:00+00:00,0x8170715b3b381dffb7062c0298972d4727a0a63b,0.0,0.0,0.0,0.0,0.0,34998.8,15,0.0,4.348487501936443,0.0,15,0,6113.7385651,74.0,Greed,0.0,0.0,,2333.2533333333336,0.0,0.0,15.0,0.0,321.7880751432968,,,,,,1.0
2025-02-19 00:00:00+00:00,0x8170715b3b381dffb7062c0298972d4727a0a63b,196303.792847,435.4501122865158,-8733.392528,240368.965852,44065.173005,6875178.28,3056,0.28763089005235604,287.6267512312215,0.09260471204188482,979,2077,-903050729.2631632,44.0,Fear,5.454851290944115,-0.00021737847773753804,450.8066189631312,2249.731112565445,0.028552538545516815,20.24123702572347,0.47135291285507946,12674322.55386987,12655.577054173746,0.0,34998.8,74.0,0.0,4.348487501936443,0.0
2025-06-15 00:00:00+00:00,0x8170715b3b381dffb7062c0298972d4727a0a63b,-363924.917628,2780.0869010436354,-83056.32,81760.092359,445685.009987,3233581.05,1530,0.5764705882352941,-0.09490744012868439,0.2647058823529412,1268,262,-1038902676.4,50.0,Neutral,0.1834481540256084,0.00035029741081144455,-130.9041517699982,2113.4516666666664,-0.11254547574368054,687.7855092391975,4.8396946564885495,-42298.82340159331,-4.74537200643422,196303.792847,6875178.28,44.0,0.28763089005235604,287.6267512312215,0.0
2024-10-27 00:00:00+00:00,0x8381e6d82f1affd39a336e143e081ef7620a3b7f,11.717676000000012,21.125093817624666,-75.381453,132.48739,120.769714,50397.380000000005,54,0.037037037037037035,0.7226070428000358,0.6851851851851852,47,7,330485.2046825,74.0,Greed,1.0970249544517428,3.5455977556566516e-05,0.5546804241988244,933.2848148148149,0.0002325056580322233,2.3224945,6.714285714285714,87.26904589334609,53.47292116720265,,,,,,1.0
2025-02-19 00:00:00+00:00,0x8381e6d82f1affd39a336e143e081ef7620a3b7f,64510.169958,335.0763667642097,-1457.7349,69983.208186,5473.038228,11629308.63,1802,0.3401775804661487,1185.230451897858,0.9483906770255272,1071,731,-13837026.80958421,44.0,Fear,12.786902862831603,-0.004662140996454315,192.52378370031462,6453.556398446171,0.00554720594409059,4.603059905803195,1.4651162790697674,6486811.572226693,52150.139883505755,11.717676000000012,50397.380000000005,74.0,0.037037037037037035,0.7226070428000358,1.0
2025-06-15 00:00:00+00:00,0x8381e6d82f1affd39a336e143e081ef7620a3b7f,991.770272,82.61452279214123,-29.48496,1025.592752,33.82248,319467.36,55,0.2909090909090909,2656.528466906056,0.9272727272727272,37,18,7218.36935266,50.0,Neutral,30.322813466073452,0.13739533453418096,12.004793327866839,5808.497454545454,0.0031044494561197115,0.8672430769230769,2.0555555555555554,89850.38094136074,132826.4233453028,64510.169958,11629308.63,44.0,0.3401775804661487,1185.230451897858,0.0
2024-07-03 00:00:00+00:00,0x8477e447846c758f5a675856001ea72298fd9cb5,-9125.157325,78.35294853365697,-2806.5,17150.035133,26275.192458,2942740.7,3810,0.32545931758530183,324.5857730571108,0.7503937007874015,1706,2104,-139015103.70172,50.0,Neutral,0.6527082593367773,6.564148126364413e-05,-116.46220717629069,772.3728871391077,-0.003100904311752646,10.223810294941632,0.8108365019011406,8528553.656204298,16229.288652855541,,,,,,1.0
2024-10-27 00:00:00+00:00,0x8477e447846c758f5a675856001ea72298fd9cb5,39978.37791,124.56955491150256,-112.995805,40359.745155,381.367245,2483772.71,1804,0.32427937915742794,-485.63544463945243,0.9262749445676275,625,1179,-43224141.67227794,74.0,Greed,105.8290812442479,-0.0009249085433115812,320.9321726998357,1376.8141407982262,0.016095827830397574,0.3128525389663659,0.5301102629346904,-185205.451596498,-35937.02290331948,-9125.157325,2942740.7,50.0,0.32545931758530183,324.5857730571108,1.0
2025-02-19 00:00:00+00:00,0x8477e447846c758f5a675856001ea72298fd9cb5,46257.358187,51.753612231319025,-101.55861,49524.692062,3267.333875,3688147.16,5602,0.30739021777936454,774.4588339049506,0.9046769011067476,2453,3149,-140379329.6694102,44.0,Fear,15.15752413334251,-0.00032951687613792514,893.7996053347377,658.3625776508391,0.012542167158807188,0.8420963595360825,0.7789774531597332,2530415.582810643,34076.18869181782,39978.37791,2483772.71,74.0,0.32427937915742794,-485.63544463945243,0.0
2025-06-15 00:00:00+00:00,0x8477e447846c758f5a675856001ea72298fd9cb5,-33193.569796,27.141654035950783,-389.187705,6259.722523,39453.292319,3190126.27,3782,0.10100475938656796,-126.0438140654728,0.5594923320994183,2180,1602,-8251520292.16179,50.0,Neutral,0.15866160097329646,4.022721707117529e-06,-1222.9752008493324,843.5024510840825,-0.01040509590737924,11.603909505588236,1.3607990012484394,-4972843.441326782,-6302.19070327364,46257.358187,3688147.16,44.0,0.30739021777936454,774.4588339049506,0.0
2024-10-27 00:00:00+00:00,0x92f17e8d81a944691c10e753af1b1baae1a2cd0d,8695.357326,58.56105490431916,0.0,8695.357326,0.0,2125807.78,724,0.07596685082872928,0.6801559293876276,0.9834254143646409,642,82,18741588.56803304,74.0,Greed,100.0,0.0004639605279155155,148.48361833998786,2936.1985911602205,0.004090377976695522,0.0,7.829268292682927,0.0,50.33153877468444,,,,,,1.0
2025-02-19 00:00:00+00:00,0x92f17e8d81a944691c10e753af1b1baae1a2cd0d,100502.420808,180.08684007598768,-103.55,101167.220154,664.799346,7134710.2,2080,0.3903846153846154,173.07177917411815,0.9004807692307693,1218,862,-128439949.69238225,44.0,Fear,152.17707532762824,-0.0007824856755916401,558.0775406220298,3430.149134615385,0.014086405472782901,0.5242897050473186,1.4129930394431554,115058.00560601016,7615.158283661199,8695.357326,2125807.78,74.0,0.07596685082872928,0.6801559293876276,1.0
2025-06-15 00:00:00+00:00,0x92f17e8d81a944691c10e753af1b1baae1a2cd0d,17381.164,559.6280267497366,0.0,17381.164,0.0,1731837.76,248,0.016129032258064516,611.0053752650501,1.0,244,4,154626038.19,50.0,Neutral,100.0,0.00011240774324595015,31.058423040297065,6983.216774193548,0.010036254204319925,0.0,61.0,0.0,30550.268763252505,100502.420808,7134710.2,44.0,0.3903846153846154,173.07177917411815,0.0
2024-10-27 00:00:00+00:00,0xa0feb3725a9335f49874d7cd8eaad6be45b27416,49180.714882,44.79624139093814,-56.911611,50278.378509,1097.663627,6889828.6,4211,0.418665400142484,422.20135715288706,0.08026597007836618,2398,1813,4767009.9646157,74.0,Greed,45.804905320963144,0.010316889464686651,1097.8759234016627,1636.15022559962,0.007138162316839058,0.448392004493464,1.322669608383894,463435.07301676035,31242.900429313642,,,,,,1.0
2025-02-19 00:00:00+00:00,0xa0feb3725a9335f49874d7cd8eaad6be45b27416,40314.808014,82.47966271582827,-7104.920076,49368.95849,9054.150476,10738173.13,9274,0.32003450506793185,2573.5974478342564,0.1209833944360578,6130,3144,42818190.44878,44.0,Fear,5.452632869407592,0.0009415346046028125,488.78483115163596,1157.8793541082598,0.0037543451317030496,1.4357993143038377,1.9497455470737914,23301738.55734092,113238.28770470728,49180.714882,6889828.6,74.0,0.418665400142484,422.20135715288706,1.0
2025-06-15 00:00:00+00:00,0xa0feb3725a9335f49874d7cd8eaad6be45b27416,16807.35236,21.307560341039803,0.0,16807.35236,0.0,2240206.25,2120,0.3136792452830189,1934.7818390993282,0.0820754716981132,1455,665,3423149.740502818,50.0,Neutral,100.0,0.004909908602926383,788.7975953599861,1056.7010613207547,0.007502591495760714,0.0,2.18796992481203,0.0,96739.09195496641,40314.808014,10738173.13,44.0,0.32003450506793185,2573.5974478342564,0.0
2024-07-03 00:00:00+00:00,0xa520ded057a32086c40e7dd6ed4eb8efb82c00e0,-14505.50575,1746.6298094939443,-10309.40032,0.0,14505.50575,307215.74,39,0.0,696.8518706969217,0.8717948717948718,31,8,3726375.67286403,50.0,Neutral,0.0,-0.0038926579130577326,-8.304854108841026,7877.326666666667,-0.04721602399017707,371.9360448717949,3.875,10108188.817292454,34842.593534846084,,,,,,1.0
2024-10-27 00:00:00+00:00,0xa520ded057a32086c40e7dd6ed4eb8efb82c00e0,67900.247545,939.4915316840138,-182.031768,68119.977204,219.729659,476629.33,283,0.5477031802120141,175.74481098430152,0.5159010600706714,125,158,37649091.88546041,74.0,Greed,310.0172162193179,0.0018035029304710058,72.27340029695702,1684.2025795053005,0.1424592304149642,1.7166379609375,0.7911392405063291,38616.34738860003,13005.116012838313,-14505.50575,307215.74,50.0,0.0,696.8518706969217,1.0
2025-02-19 00:00:00+00:00,0xa520ded057a32086c40e7dd6ed4eb8efb82c00e0,19451.742477,444.24146451377845,-920.33629,22512.482477,3060.74,77964.33,95,0.8842105263157894,1.1041044089964367,0.7578947368421053,0,95,9377535.79471774,44.0,Fear,7.355241698739522,0.002074291466629959,43.78641804247134,820.6771578947369,0.24949540997787065,278.24909090909085,0.0,3379.3765287917536,48.580593995843216,67900.247545,476629.33,74.0,0.5477031802120141,175.74481098430152,0.0
2024-10-27 00:00:00+00:00,0xae5eacaf9c6b9111fd53034a602c192a04e082ed,20925.513222,306.4946905656611,0.0,20925.513222,0.0,643594.44,190,0.5526315789473685,16.44245314965324,1.0,84,106,517508.23059507,74.0,Greed,100.0,0.040435131240209005,68.2736564975408,3387.3391578947367,0.03251350838580893,0.0,0.7924528301886793,0.0,1216.7415330743397,,,,,,1.0
2025-02-19 00:00:00+00:00,0xae5eacaf9c6b9111fd53034a602c192a04e082ed,8751.751449,207.29073772267026,0.0,8751.751449,0.0,559278.3,182,0.2692307692307692,0.4551278689990471,1.0,133,49,55318592.38,44.0,Fear,100.0,0.00015820632941781297,42.21969367830017,3072.9576923076925,0.01564829432681368,0.0,2.7142857142857144,0.0,20.02562623595807,20925.513222,643594.44,74.0,0.5526315789473685,16.44245314965324,1.0
2025-06-15 00:00:00+00:00,0xae5eacaf9c6b9111fd53034a602c192a04e082ed,38168.35486,721.8065422169527,0.0,38168.35486,0.0,474552.98,191,0.39790575916230364,0.40839135811304056,1.0,115,76,44542642.55,50.0,Neutral,100.0,0.0008568947120089534,52.878926177047276,2484.57057591623,0.08043012365026135,0.0,1.513157894736842,0.0,20.419567905652027,8751.751449,559278.3,44.0,0.2692307692307692,0.4551278689990471,0.0
2024-10-27 00:00:00+00:00,0xaf40fdc468c30116bd3307bcbf4a451a7ebf1deb,55.01524,13.591345427943391,0.0,55.01524,0.0,16766.37,9,0.2222222222222222,22626.805065601347,0.2222222222222222,7,2,0.402,74.0,Greed,100.0,136.85383084577114,4.047814124927643,1862.9299999999998,0.0032812850962969328,0.0,3.5,0.0,1674383.5748544997,,,,,,1.0
2025-02-19 00:00:00+00:00,0xaf40fdc468c30116bd3307bcbf4a451a7ebf1deb,21703.816512999998,290.6902596154581,-540.253351,25565.593626,3861.777113,4431556.89,525,0.3238095238095238,5295.657028420965,0.05714285714285714,297,228,1093.727718464,44.0,Fear,6.620162914099284,19.843893636964985,74.66303322894638,8441.060742857142,0.004897560169423889,10.878245388732395,1.3026315789473684,20450647.110653672,233008.90925052244,55.01524,16766.37,74.0,0.2222222222222222,22626.805065601347,0.0
2023-11-14 00:00:00+00:00,0xb1231a4a2dd02f2276fa3c5e2a2f3436e6bfed23,155.50335699999994,105.19292019897073,-1685.2222,15632.669883,15477.166526,11509295.89,1043,0.2751677852348993,2859.8178432470913,0.9357622243528284,489,554,4684207.26117,69.0,Greed,1.0100472755616328,3.319736901674992e-05,1.4782682779969205,11034.799511025887,1.3511109496725253e-05,20.472442494708993,0.8826714801444043,44261876.9939614,197327.4311840493,,,,,,1.0
2024-03-09 00:00:00+00:00,0xb1231a4a2dd02f2276fa3c5e2a2f3436e6bfed23,2606.8947559999997,133.26355146729097,-3334.154664,32872.63847,30265.743714,23499792.29,3076,0.21879063719115735,622.6623581578758,0.77925877763329,1513,1563,90020327.22471,84.0,Extreme Greed,1.0861335105667378,2.895895667533659e-05,19.561948689622398,7639.724411573472,0.00011093267224788734,12.59498281897628,0.9680102367242482,18845339.352361146,52303.63808526157,155.50335699999994,11509295.89,69.0,0.2751677852348993,2859.8178432470913,1.0
2024-07-03 00:00:00+00:00,0xb1231a4a2dd02f2276fa3c5e2a2f3436e6bfed23,62586.1816,250.84436530527708,-5028.066368,72956.905323,10370.723723,4723983.0,1643,0.20998174071819842,825.0080400423184,0.8715763846622033,1019,624,153167151.9611144,50.0,Neutral,7.034890454288886,0.00040861360153702657,249.50204292543205,2875.2178940961658,0.013248604323935967,7.989771743451463,1.6330128205128205,8555930.452532604,41250.402002115916,2606.8947559999997,23499792.29,84.0,0.21879063719115735,622.6623581578758,1.0
2024-10-27 00:00:00+00:00,0xb1231a4a2dd02f2276fa3c5e2a2f3436e6bfed23,1421755.845871,4099.912471917345,-1726.167456,1425981.172644,4225.326773,2746705.92,1268,0.5670347003154574,101.00116340010663,0.5678233438485805,148,1120,107842297.43534721,74.0,Greed,337.48423477116006,0.013183656873810207,346.7771216116008,2166.171861198738,0.51762215806161,7.696405779599271,0.13214285714285715,426762.9198186183,7474.086091607891,62586.1816,4723983.0,50.0,0.20998174071819842,825.0080400423184,1.0
2025-02-19 00:00:00+00:00,0xb1231a4a2dd02f2276fa3c5e2a2f3436e6bfed23,553818.000465,783.0558722243476,-72.658068,554551.699441,733.698976,13421173.84,7380,0.3910569105691057,-0.24454732310278413,0.8917344173441735,3477,3903,123701028.08451732,44.0,Fear,755.8300032859797,0.004477068695715368,707.2522154668546,1818.587241192412,0.04126449795430115,0.16326189942145083,0.8908531898539584,-179.42412054405386,-10.760082216522502,1421755.845871,2746705.92,74.0,0.5670347003154574,101.00116340010663,1.0
2025-06-15 00:00:00+00:00,0xb1231a4a2dd02f2276fa3c5e2a2f3436e6bfed23,102460.17164,1199.1556421521607,0.0,102460.17164,0.0,642614.29,323,0.17647058823529413,-2.0380898886140923,0.9195046439628483,57,266,-9072047.55,50.0,Neutral,100.0,-0.011294051433846375,85.44359717651967,1989.5179256965946,0.1594427220720535,0.0,0.21428571428571427,-0.0,-101.90449443070462,553818.000465,13421173.84,44.0,0.3910569105691057,-0.24454732310278413,0.0
2025-02-19 00:00:00+00:00,0xb899e522b5715391ae1d4f137653e7906c5e2115,22488.500821,332.0834053908585,-17178.87662,115624.645743,93136.14492199999,108877041.1,4838,0.4386109962794543,918.263887250961,0.867920628358826,2368,2470,154356.27166000003,44.0,Fear,1.2414583601225255,0.1456921742093858,67.7194357078195,22504.555828854896,0.00020654952222980648,34.29165866053019,0.9587044534412955,85523558.47964457,40403.611039042284,,,,,,0.0
2025-02-19 00:00:00+00:00,0xbaaaf6571ab7d571043ff1e313a9609a10637864,940157.212682,567.7894170155964,-5.444032,940191.768165,34.555483,68036326.2,21190,0.46753185464841907,10.101411698093296,0.3263331760264276,11195,9995,2089136737.663334,44.0,Fear,27208.17903673926,0.0004500218658418457,1655.820246921184,3210.7751864086836,0.013818459420020829,0.0030626148187538776,1.1200600300150074,349.05916020946404,444.462114716105,,,,,,1.0
2025-06-15 00:00:00+00:00,0xbaaaf6571ab7d571043ff1e313a9609a10637864,6.593538,2.03144565745727,1.86032,6.593538,0.0,14.040000000000001,2,1.0,16.695205479452056,1.0,0,2,0.9299999999999999,50.0,Neutral,100.0,7.089825806451613,3.2457368356350873,7.0200000000000005,0.46962521367521365,0.0,0.0,0.0,834.7602739726028,940157.212682,68036326.2,44.0,0.46753185464841907,10.101411698093296,0.0
2024-10-27 00:00:00+00:00,0xbd5fead7180a9c139fa51a103cb6a2ce86ddb5c3,11671.68,182.70790401590924,-41.86112,11799.68,128.0,727783.42,267,0.15355805243445692,614.3766388827117,0.09363295880149813,49,218,-40781268.59896,74.0,Greed,92.185,-0.00028620198441540513,63.881636992473474,2725.7805992509366,0.016037298568851704,0.5663716814159291,0.22477064220183487,78640.2097769871,45463.87127732067,,,,,,1.0
2025-02-19 00:00:00+00:00,0xbd5fead7180a9c139fa51a103cb6a2ce86ddb5c3,325441.97721599997,1598.4388451215825,-24500.0,546836.392372,221394.415156,17917884.11,2211,0.3722297602894618,1091.2375441446684,0.3568521031207598,1054,1157,-186983015.9599402,44.0,Fear,2.4699647097542434,-0.0017404895067353265,203.59989261349926,8103.972912709181,0.01816296919982702,159.5060627925072,0.9109766637856526,241593897.8821786,48014.45194236541,11671.68,727783.42,74.0,0.15355805243445692,614.3766388827117,0.0
2025-06-15 00:00:00+00:00,0xbd5fead7180a9c139fa51a103cb6a2ce86ddb5c3,-116594.595363,1601.2595637099448,-11199.63611,1.07,116595.665363,2091724.18,163,0.006134969325153374,149.33979342169266,0.803680981595092,90,73,-749042.1436,50.0,Neutral,9.17701354221655e-06,0.15565825816239162,-72.8143006951746,12832.663680981595,-0.05574090335514504,719.7263294012346,1.2328767123287672,17412372.579175226,7466.989671084633,325441.97721599997,17917884.11,44.0,0.3722297602894618,1091.2375441446684,0.0
2024-10-27 00:00:00+00:00,0xbee1707d6b44d4d52bfe19e41f8a828645437aab,684215.002602,519.6044372535811,-22634.46345,816889.941078,132674.938476,26617723.76,9883,0.5692603460487706,-1.8152921801988562,0.3742790650612162,3092,6791,267225949.065286,74.0,Greed,6.157077971630414,0.002560436233813653,1316.7997683362441,2693.2837964180917,0.025705240942886697,31.166299853417904,0.45530849653953764,-240843.77832384716,-134.33162133471535,,,,,,1.0
2025-02-19 00:00:00+00:00,0xbee1707d6b44d4d52bfe19e41f8a828645437aab,126967.976166,61.24270601241904,-2044.4,283509.374778,156541.398612,41437969.8,26651,0.3848636073693295,163.6984921814202,0.8676597501031856,12568,14083,84061028.57662319,44.0,Fear,1.8110824184003875,0.0015104261548532722,2073.193436949911,1554.8373344339798,0.0030640491505450154,9.548700659509576,0.8924234893133566,25625590.91675506,7202.733655982489,684215.002602,26617723.76,74.0,0.5692603460487706,-1.8152921801988562,1.0
2025-06-15 00:00:00+00:00,0xbee1707d6b44d4d52bfe19e41f8a828645437aab,24897.574309,35.080961667220784,-100.941262,27764.165004,2866.590695,6052116.88,3650,0.363013698630137,20.95018403277086,0.8936986301369862,1753,1897,-22249704.05897563,50.0,Neutral,9.685430519406609,-0.0011190069873741179,709.7175540733248,1658.11421369863,0.004113862108525571,1.232942234408602,0.9240906694781233,60055.60260687852,1047.509201638543,126967.976166,41437969.8,44.0,0.3848636073693295,163.6984921814202,0.0
